customer_id,country,industry,subscription_type,monthly_fee,total_revenue,churn_probability,churn_risk_level,value_score,priority_rank,urgency,action_timeline,contact_channel,primary_action,secondary_action,specific_recommendation,recommended_discount_pct,action_1,action_2,action_3,action_4
CUST_000153,Canada,Technology,Premium,2661.78,64680.54,1.0,High,40.61,1,Critical,Within 24-48 hours,Phone + Email,Immediate Retention Call,Exclusive Discount Offer,Re-engagement campaign - 515 days inactive,24,Schedule VIP retention call with account manager,Offer 24% discount on annual renewal,Provide complimentary premium support for 3 months,Invite to exclusive executive roundtable event
CUST_000338,UK,Retail,Premium,2432.84,48992.5,0.9999999999996488,High,31.85,2,Critical,Within 24-48 hours,Phone + Email,Immediate Retention Call,Exclusive Discount Offer,Re-engagement campaign - 384 days inactive,23,Schedule VIP retention call with account manager,Offer 23% discount on annual renewal,Provide complimentary premium support for 3 months,Invite to exclusive executive roundtable event
CUST_000236,USA,Finance,Premium,2047.46,41603.93,0.9999999999999998,High,31.01,3,Critical,Within 24-48 hours,Phone + Email,Immediate Retention Call,Exclusive Discount Offer,Re-engagement campaign - 453 days inactive,23,Schedule VIP retention call with account manager,Offer 23% discount on annual renewal,Provide complimentary premium support for 3 months,Invite to exclusive executive roundtable event
CUST_000250,Singapore,Real Estate,Premium,2823.25,39091.68,1.0,High,29.29,4,Critical,Within 24-48 hours,Phone + Email,Immediate Retention Call,Exclusive Discount Offer,Address payment issues - offer alternative payment methods,22,Schedule VIP retention call with account manager,Offer 22% discount on annual renewal,Provide complimentary premium support for 3 months,Invite to exclusive executive roundtable event
CUST_000157,USA,Energy,Premium,2788.85,31504.2,1.0,High,28.12,5,Critical,Within 24-48 hours,Phone + Email,Immediate Retention Call,Exclusive Discount Offer,Address payment issues - offer alternative payment methods,22,Schedule VIP retention call with account manager,Offer 22% discount on annual renewal,Provide complimentary premium support for 3 months,Invite to exclusive executive roundtable event
CUST_000017,USA,Consulting,Premium,1568.86,21537.99,1.0,High,27.97,6,Critical,Within 24-48 hours,Phone + Email,Immediate Retention Call,Exclusive Discount Offer,Re-engagement campaign - 1048 days inactive,22,Schedule VIP retention call with account manager,Offer 22% discount on annual renewal,Provide complimentary premium support for 3 months,Invite to exclusive executive roundtable event
CUST_000022,USA,Consulting,Enterprise,988.11,14885.48,1.0,High,25.75,7,Critical,Within 24-48 hours,Phone + Email,Immediate Retention Call,Exclusive Discount Offer,Re-engagement campaign - 950 days inactive,22,Escalate to enterprise success team immediately,Offer 22% discount + dedicated support,Schedule executive business review meeting,Provide custom integration support package
CUST_000710,Germany,Finance,Premium,2838.79,43390.49,0.9995543479296698,High,25.26,8,Critical,Within 24-48 hours,Phone + Email,Immediate Retention Call,Exclusive Discount Offer,Re-engagement campaign - 159 days inactive,22,Schedule VIP retention call with account manager,Offer 22% discount on annual renewal,Provide complimentary premium support for 3 months,Invite to exclusive executive roundtable event
CUST_000486,France,Finance,Premium,2580.0,36591.82,0.999999999999982,High,25.03,9,Critical,Within 24-48 hours,Phone + Email,Immediate Retention Call,Exclusive Discount Offer,Re-engagement campaign - 400 days inactive,22,Schedule VIP retention call with account manager,Offer 22% discount on annual renewal,Provide complimentary premium support for 3 months,Invite to exclusive executive roundtable event
CUST_000021,USA,Retail,Professional,172.57,4424.32,1.0,High,22.68,10,Critical,Within 24-48 hours,Phone + Email,Immediate Retention Call,Exclusive Discount Offer,Re-engagement campaign - 712 days inactive,22,Initiate proactive outreach call,Offer 22% discount on next renewal,Provide free upgrade trial to Enterprise tier,Send personalized value demonstration
CUST_000061,Australia,Technology,Enterprise,729.37,9397.63,1.0,High,22.62,11,Critical,Within 24-48 hours,Phone + Email,Immediate Retention Call,Exclusive Discount Offer,Re-engagement campaign - 992 days inactive,22,Escalate to enterprise success team immediately,Offer 22% discount + dedicated support,Schedule executive business review meeting,Provide custom integration support package
CUST_000057,Brazil,Real Estate,Enterprise,716.72,8563.119999999999,1.0,High,22.5,12,Critical,Within 24-48 hours,Phone + Email,Immediate Retention Call,Exclusive Discount Offer,Re-engagement campaign - 1042 days inactive,22,Escalate to enterprise success team immediately,Offer 22% discount + dedicated support,Schedule executive business review meeting,Provide custom integration support package
CUST_000035,USA,Media,Premium,1182.43,8044.549999999999,1.0,High,22.4,13,Critical,Within 24-48 hours,Phone + Email,Immediate Retention Call,Exclusive Discount Offer,Address payment issues - offer alternative payment methods,22,Schedule VIP retention call with account manager,Offer 22% discount on annual renewal,Provide complimentary premium support for 3 months,Invite to exclusive executive roundtable event
CUST_000047,Australia,Real Estate,Professional,188.72,4958.89,1.0,High,22.27,14,Critical,Within 24-48 hours,Phone + Email,Immediate Retention Call,Exclusive Discount Offer,Re-engagement campaign - 665 days inactive,22,Initiate proactive outreach call,Offer 22% discount on next renewal,Provide free upgrade trial to Enterprise tier,Send personalized value demonstration
CUST_000079,Canada,Finance,Enterprise,343.17,6884.36,1.0,High,21.88,15,Critical,Within 24-48 hours,Phone + Email,Immediate Retention Call,Exclusive Discount Offer,Re-engagement campaign - 757 days inactive,22,Escalate to enterprise success team immediately,Offer 22% discount + dedicated support,Schedule executive business review meeting,Provide custom integration support package
CUST_000070,UK,Education,Premium,1506.3,8771.17,1.0,High,21.75,16,Critical,Within 24-48 hours,Phone + Email,Immediate Retention Call,Exclusive Discount Offer,Re-engagement campaign - 1188 days inactive,22,Schedule VIP retention call with account manager,Offer 22% discount on annual renewal,Provide complimentary premium support for 3 months,Invite to exclusive executive roundtable event
CUST_000026,India,Retail,Enterprise,859.88,5096.02,1.0,High,21.69,17,Critical,Within 24-48 hours,Phone + Email,Immediate Retention Call,Exclusive Discount Offer,Re-engagement campaign - 1210 days inactive,22,Escalate to enterprise success team immediately,Offer 22% discount + dedicated support,Schedule executive business review meeting,Provide custom integration support package
CUST_000110,France,Finance,Enterprise,893.07,9850.1,1.0,High,21.57,18,Critical,Within 24-48 hours,Phone + Email,Immediate Retention Call,Exclusive Discount Offer,Re-engagement campaign - 970 days inactive,22,Escalate to enterprise success team immediately,Offer 22% discount + dedicated support,Schedule executive business review meeting,Provide custom integration support package
CUST_000551,USA,Finance,Premium,2265.67,28153.65,0.999999999906818,High,21.49,19,Critical,Within 24-48 hours,Phone + Email,Immediate Retention Call,Exclusive Discount Offer,Re-engagement campaign - 303 days inactive,22,Schedule VIP retention call with account manager,Offer 22% discount on annual renewal,Provide complimentary premium support for 3 months,Invite to exclusive executive roundtable event
CUST_000048,Australia,Technology,Professional,280.17,4257.7,1.0,High,21.38,20,Critical,Within 24-48 hours,Phone + Email,Immediate Retention Call,Exclusive Discount Offer,Address payment issues - offer alternative payment methods,22,Initiate proactive outreach call,Offer 22% discount on next renewal,Provide free upgrade trial to Enterprise tier,Send personalized value demonstration
CUST_000125,India,Retail,Enterprise,996.46,9975.52,1.0,High,21.27,21,Critical,Within 24-48 hours,Phone + Email,Immediate Retention Call,Exclusive Discount Offer,Re-engagement campaign - 982 days inactive,22,Escalate to enterprise success team immediately,Offer 22% discount + dedicated support,Schedule executive business review meeting,Provide custom integration support package
CUST_000028,France,Technology,Enterprise,747.83,4356.98,1.0,High,21.22,22,Critical,Within 24-48 hours,Phone + Email,Immediate Retention Call,Exclusive Discount Offer,Address payment issues - offer alternative payment methods,22,Escalate to enterprise success team immediately,Offer 22% discount + dedicated support,Schedule executive business review meeting,Provide custom integration support package
CUST_000049,Germany,Technology,Professional,150.18,3065.34,1.0,High,21.2,23,Critical,Within 24-48 hours,Phone + Email,Immediate Retention Call,Exclusive Discount Offer,Re-engagement campaign - 809 days inactive,22,Initiate proactive outreach call,Offer 22% discount on next renewal,Provide free upgrade trial to Enterprise tier,Send personalized value demonstration
CUST_000016,France,Retail,Basic,96.87,1250.42,1.0,High,20.94,24,Critical,Within 24-48 hours,Phone + Email,Immediate Retention Call,Exclusive Discount Offer,Re-engagement campaign - 1082 days inactive,22,Send win-back email with special offer,Offer 22% discount + free tier upgrade trial,Provide onboarding assistance call,Share success stories from similar customers
CUST_000058,France,Technology,Enterprise,741.37,4387.18,1.0,High,20.77,25,Critical,Within 24-48 hours,Phone + Email,Immediate Retention Call,Exclusive Discount Offer,Re-engagement campaign - 1158 days inactive,22,Escalate to enterprise success team immediately,Offer 22% discount + dedicated support,Schedule executive business review meeting,Provide custom integration support package
CUST_000012,USA,Finance,Basic,87.19,790.62,1.0,High,20.69,26,Critical,Within 24-48 hours,Phone + Email,Immediate Retention Call,Exclusive Discount Offer,Address payment issues - offer alternative payment methods,22,Send win-back email with special offer,Offer 22% discount + free tier upgrade trial,Provide onboarding assistance call,Share success stories from similar customers
CUST_000036,Australia,Retail,Basic,86.17,1285.05,1.0,High,20.57,27,Critical,Within 24-48 hours,Phone + Email,Immediate Retention Call,Exclusive Discount Offer,Re-engagement campaign - 981 days inactive,22,Send win-back email with special offer,Offer 22% discount + free tier upgrade trial,Provide onboarding assistance call,Share success stories from similar customers
CUST_000005,France,Manufacturing,Professional,267.89,748.56,1.0,High,20.44,28,Critical,Within 24-48 hours,Phone + Email,Immediate Retention Call,Exclusive Discount Offer,Re-engagement campaign - 1401 days inactive,22,Initiate proactive outreach call,Offer 22% discount on next renewal,Provide free upgrade trial to Enterprise tier,Send personalized value demonstration
CUST_000211,Australia,Consulting,Enterprise,775.28,11288.43,1.0,High,20.32,29,Critical,Within 24-48 hours,Phone + Email,Immediate Retention Call,Exclusive Discount Offer,Re-engagement campaign - 726 days inactive,22,Escalate to enterprise success team immediately,Offer 22% discount + dedicated support,Schedule executive business review meeting,Provide custom integration support package
CUST_000094,Australia,Real Estate,Professional,172.47,3285.37,1.0,High,20.27,30,Critical,Within 24-48 hours,Phone + Email,Immediate Retention Call,Exclusive Discount Offer,Re-engagement campaign - 763 days inactive,22,Initiate proactive outreach call,Offer 22% discount on next renewal,Provide free upgrade trial to Enterprise tier,Send personalized value demonstration
CUST_000077,USA,Real Estate,Professional,295.16,2648.03,1.0,High,19.81,31,Critical,Within 24-48 hours,Phone + Email,Immediate Retention Call,Exclusive Discount Offer,Re-engagement campaign - 1029 days inactive,21,Initiate proactive outreach call,Offer 21% discount on next renewal,Provide free upgrade trial to Enterprise tier,Send personalized value demonstration
CUST_000090,India,Education,Basic,59.59,1250.15,1.0,High,19.76,32,Critical,Within 24-48 hours,Phone + Email,Immediate Retention Call,Exclusive Discount Offer,Re-engagement campaign - 706 days inactive,21,Send win-back email with special offer,Offer 21% discount + free tier upgrade trial,Provide onboarding assistance call,Share success stories from similar customers
CUST_000052,UK,Healthcare,Professional,254.23,1325.83,1.0,High,19.71,33,Critical,Within 24-48 hours,Phone + Email,Immediate Retention Call,Exclusive Discount Offer,Address payment issues - offer alternative payment methods,21,Initiate proactive outreach call,Offer 21% discount on next renewal,Provide free upgrade trial to Enterprise tier,Send personalized value demonstration
CUST_000066,UK,Energy,Basic,67.09,866.44,1.0,High,19.63,34,Critical,Within 24-48 hours,Phone + Email,Immediate Retention Call,Exclusive Discount Offer,Re-engagement campaign - 990 days inactive,21,Send win-back email with special offer,Offer 21% discount + free tier upgrade trial,Provide onboarding assistance call,Share success stories from similar customers
CUST_000042,UK,Education,Basic,94.16,368.34,1.0,High,19.47,35,Critical,Within 24-48 hours,Phone + Email,Immediate Retention Call,Exclusive Discount Offer,Re-engagement campaign - 1304 days inactive,21,Send win-back email with special offer,Offer 21% discount + free tier upgrade trial,Provide onboarding assistance call,Share success stories from similar customers
CUST_000064,Australia,Healthcare,Enterprise,665.44,1943.92,1.0,High,19.37,36,Critical,Within 24-48 hours,Phone + Email,Immediate Retention Call,Exclusive Discount Offer,Re-engagement campaign - 1290 days inactive,21,Escalate to enterprise success team immediately,Offer 21% discount + dedicated support,Schedule executive business review meeting,Provide custom integration support package
CUST_000130,France,Real Estate,Basic,98.81,2170.02,1.0,High,19.32,37,Critical,Within 24-48 hours,Phone + Email,Immediate Retention Call,Exclusive Discount Offer,Re-engagement campaign - 612 days inactive,21,Send win-back email with special offer,Offer 21% discount + free tier upgrade trial,Provide onboarding assistance call,Share success stories from similar customers
CUST_000116,Australia,Education,Professional,173.4,2591.11,1.0,High,19.31,38,Critical,Within 24-48 hours,Phone + Email,Immediate Retention Call,Exclusive Discount Offer,Address payment issues - offer alternative payment methods,21,Initiate proactive outreach call,Offer 21% discount on next renewal,Provide free upgrade trial to Enterprise tier,Send personalized value demonstration
CUST_000407,USA,Consulting,Enterprise,806.01,14871.39,0.999999999997915,High,18.93,39,Critical,Within 24-48 hours,Phone + Email,Immediate Retention Call,Exclusive Discount Offer,Re-engagement campaign - 363 days inactive,21,Escalate to enterprise success team immediately,Offer 21% discount + dedicated support,Schedule executive business review meeting,Provide custom integration support package
CUST_000128,USA,Finance,Professional,269.57,2969.71,1.0,High,18.88,40,Critical,Within 24-48 hours,Phone + Email,Immediate Retention Call,Exclusive Discount Offer,Address payment issues - offer alternative payment methods,21,Initiate proactive outreach call,Offer 21% discount on next renewal,Provide free upgrade trial to Enterprise tier,Send personalized value demonstration
CUST_000133,Japan,Manufacturing,Professional,277.27,3314.38,1.0,High,18.88,41,Critical,Within 24-48 hours,Phone + Email,Immediate Retention Call,Exclusive Discount Offer,Re-engagement campaign - 901 days inactive,21,Initiate proactive outreach call,Offer 21% discount on next renewal,Provide free upgrade trial to Enterprise tier,Send personalized value demonstration
CUST_000075,USA,Education,Basic,67.22,391.94,1.0,High,18.8,42,Critical,Within 24-48 hours,Phone + Email,Immediate Retention Call,Exclusive Discount Offer,Address payment issues - offer alternative payment methods,21,Send win-back email with special offer,Offer 21% discount + free tier upgrade trial,Provide onboarding assistance call,Share success stories from similar customers
CUST_000178,USA,Education,Professional,220.33,4108.15,1.0,High,18.76,43,Critical,Within 24-48 hours,Phone + Email,Immediate Retention Call,Exclusive Discount Offer,Re-engagement campaign - 656 days inactive,21,Initiate proactive outreach call,Offer 21% discount on next renewal,Provide free upgrade trial to Enterprise tier,Send personalized value demonstration
CUST_000175,UK,Healthcare,Professional,236.72,3823.82,1.0,High,18.67,44,Critical,Within 24-48 hours,Phone + Email,Immediate Retention Call,Exclusive Discount Offer,Re-engagement campaign - 731 days inactive,21,Initiate proactive outreach call,Offer 21% discount on next renewal,Provide free upgrade trial to Enterprise tier,Send personalized value demonstration
CUST_000256,France,Manufacturing,Professional,253.23,6214.88,0.9999999999871004,High,18.59,45,Critical,Within 24-48 hours,Phone + Email,Immediate Retention Call,Exclusive Discount Offer,Re-engagement campaign - 364 days inactive,21,Initiate proactive outreach call,Offer 21% discount on next renewal,Provide free upgrade trial to Enterprise tier,Send personalized value demonstration
CUST_000232,Canada,Technology,Professional,218.38,4912.71,0.9999999999999504,High,18.51,46,Critical,Within 24-48 hours,Phone + Email,Immediate Retention Call,Exclusive Discount Offer,Re-engagement campaign - 428 days inactive,21,Initiate proactive outreach call,Offer 21% discount on next renewal,Provide free upgrade trial to Enterprise tier,Send personalized value demonstration
CUST_000203,UK,Media,Enterprise,392.75,5326.33,1.0,High,18.49,47,Critical,Within 24-48 hours,Phone + Email,Immediate Retention Call,Exclusive Discount Offer,Re-engagement campaign - 710 days inactive,21,Escalate to enterprise success team immediately,Offer 21% discount + dedicated support,Schedule executive business review meeting,Provide custom integration support package
CUST_000254,Brazil,Manufacturing,Enterprise,689.66,8252.03,1.0,High,18.49,48,Critical,Within 24-48 hours,Phone + Email,Immediate Retention Call,Exclusive Discount Offer,Re-engagement campaign - 667 days inactive,21,Escalate to enterprise success team immediately,Offer 21% discount + dedicated support,Schedule executive business review meeting,Provide custom integration support package
CUST_000080,USA,Real Estate,Professional,106.4,305.03,1.0,High,18.45,49,Critical,Within 24-48 hours,Phone + Email,Immediate Retention Call,Exclusive Discount Offer,Address payment issues - offer alternative payment methods,21,Initiate proactive outreach call,Offer 21% discount on next renewal,Provide free upgrade trial to Enterprise tier,Send personalized value demonstration
CUST_000150,France,Energy,Basic,73.79,1407.0,1.0,High,18.43,50,Critical,Within 24-48 hours,Phone + Email,Immediate Retention Call,Exclusive Discount Offer,Re-engagement campaign - 666 days inactive,21,Send win-back email with special offer,Offer 21% discount + free tier upgrade trial,Provide onboarding assistance call,Share success stories from similar customers
CUST_000093,USA,Finance,Professional,198.24,762.05,1.0,High,18.38,51,Critical,Within 24-48 hours,Phone + Email,Immediate Retention Call,Exclusive Discount Offer,Address payment issues - offer alternative payment methods,21,Initiate proactive outreach call,Offer 21% discount on next renewal,Provide free upgrade trial to Enterprise tier,Send personalized value demonstration
CUST_000163,India,Consulting,Professional,129.84,2176.37,1.0,High,18.28,52,Critical,Within 24-48 hours,Phone + Email,Immediate Retention Call,Exclusive Discount Offer,Re-engagement campaign - 745 days inactive,21,Initiate proactive outreach call,Offer 21% discount on next renewal,Provide free upgrade trial to Enterprise tier,Send personalized value demonstration
CUST_000506,USA,Manufacturing,Premium,1888.47,18878.34,1.0,High,18.14,53,Critical,Within 24-48 hours,Phone + Email,Immediate Retention Call,Exclusive Discount Offer,Re-engagement campaign - 492 days inactive,21,Schedule VIP retention call with account manager,Offer 21% discount on annual renewal,Provide complimentary premium support for 3 months,Invite to exclusive executive roundtable event
CUST_000151,USA,Finance,Professional,252.56,2543.78,1.0,High,18.11,54,Critical,Within 24-48 hours,Phone + Email,Immediate Retention Call,Exclusive Discount Offer,Re-engagement campaign - 935 days inactive,21,Initiate proactive outreach call,Offer 21% discount on next renewal,Provide free upgrade trial to Enterprise tier,Send personalized value demonstration
CUST_000132,USA,Healthcare,Professional,209.0,1693.07,1.0,High,18.09,55,Critical,Within 24-48 hours,Phone + Email,Immediate Retention Call,Exclusive Discount Offer,Address payment issues - offer alternative payment methods,21,Initiate proactive outreach call,Offer 21% discount on next renewal,Provide free upgrade trial to Enterprise tier,Send personalized value demonstration
CUST_000170,Germany,Media,Basic,72.27,1242.9,1.0,High,18.08,56,Critical,Within 24-48 hours,Phone + Email,Immediate Retention Call,Exclusive Discount Offer,Re-engagement campaign - 645 days inactive,21,Send win-back email with special offer,Offer 21% discount + free tier upgrade trial,Provide onboarding assistance call,Share success stories from similar customers
CUST_000213,USA,Healthcare,Professional,177.78,3510.02,1.0,High,18.07,57,Critical,Within 24-48 hours,Phone + Email,Immediate Retention Call,Exclusive Discount Offer,Re-engagement campaign - 542 days inactive,21,Initiate proactive outreach call,Offer 21% discount on next renewal,Provide free upgrade trial to Enterprise tier,Send personalized value demonstration
CUST_000495,USA,Real Estate,Enterprise,642.42,14075.81,0.9981129443614262,High,18.04,58,Critical,Within 24-48 hours,Phone + Email,Immediate Retention Call,Exclusive Discount Offer,Re-engagement campaign - 148 days inactive,21,Escalate to enterprise success team immediately,Offer 21% discount + dedicated support,Schedule executive business review meeting,Provide custom integration support package
CUST_000491,UK,Consulting,Enterprise,967.4,15867.86,0.999999999984079,High,18.01,59,Critical,Within 24-48 hours,Phone + Email,Immediate Retention Call,Exclusive Discount Offer,Address payment issues - offer alternative payment methods,21,Escalate to enterprise success team immediately,Offer 21% discount + dedicated support,Schedule executive business review meeting,Provide custom integration support package
CUST_000651,USA,Energy,Premium,1561.17,21606.49,0.9999999947067016,High,17.94,60,Critical,Within 24-48 hours,Phone + Email,Immediate Retention Call,Exclusive Discount Offer,Re-engagement campaign - 272 days inactive,21,Schedule VIP retention call with account manager,Offer 21% discount on annual renewal,Provide complimentary premium support for 3 months,Invite to exclusive executive roundtable event
CUST_000196,Singapore,Healthcare,Professional,288.05,3434.88,1.0,High,17.79,61,Critical,Within 24-48 hours,Phone + Email,Immediate Retention Call,Exclusive Discount Offer,Re-engagement campaign - 814 days inactive,21,Initiate proactive outreach call,Offer 21% discount on next renewal,Provide free upgrade trial to Enterprise tier,Send personalized value demonstration
CUST_000149,Australia,Energy,Basic,53.12,582.94,1.0,High,17.55,62,Critical,Within 24-48 hours,Phone + Email,Immediate Retention Call,Exclusive Discount Offer,Address payment issues - offer alternative payment methods,21,Send win-back email with special offer,Offer 21% discount + free tier upgrade trial,Provide onboarding assistance call,Share success stories from similar customers
CUST_000249,France,Education,Basic,95.97,2329.31,0.9999999999989952,High,17.45,63,Critical,Within 24-48 hours,Phone + Email,Immediate Retention Call,Exclusive Discount Offer,Re-engagement campaign - 380 days inactive,21,Send win-back email with special offer,Offer 21% discount + free tier upgrade trial,Provide onboarding assistance call,Share success stories from similar customers
CUST_000180,India,Education,Professional,245.84,2221.04,1.0,High,17.4,64,Critical,Within 24-48 hours,Phone + Email,Immediate Retention Call,Exclusive Discount Offer,Re-engagement campaign - 924 days inactive,21,Initiate proactive outreach call,Offer 21% discount on next renewal,Provide free upgrade trial to Enterprise tier,Send personalized value demonstration
CUST_000167,USA,Technology,Basic,34.69,459.1,1.0,High,17.39,65,Critical,Within 24-48 hours,Phone + Email,Immediate Retention Call,Exclusive Discount Offer,Re-engagement campaign - 829 days inactive,21,Send win-back email with special offer,Offer 21% discount + free tier upgrade trial,Provide onboarding assistance call,Share success stories from similar customers
CUST_000181,UK,Education,Professional,294.07,2389.61,1.0,High,17.37,66,Critical,Within 24-48 hours,Phone + Email,Immediate Retention Call,Exclusive Discount Offer,Re-engagement campaign - 953 days inactive,21,Initiate proactive outreach call,Offer 21% discount on next renewal,Provide free upgrade trial to Enterprise tier,Send personalized value demonstration
CUST_000177,France,Real Estate,Basic,61.51,725.1899999999999,1.0,High,17.06,67,Critical,Within 24-48 hours,Phone + Email,Immediate Retention Call,Exclusive Discount Offer,Re-engagement campaign - 866 days inactive,21,Send win-back email with special offer,Offer 21% discount + free tier upgrade trial,Provide onboarding assistance call,Share success stories from similar customers
CUST_000234,USA,Consulting,Enterprise,703.34,4728.47,1.0,High,17.06,68,Critical,Within 24-48 hours,Phone + Email,Immediate Retention Call,Exclusive Discount Offer,Re-engagement campaign - 905 days inactive,21,Escalate to enterprise success team immediately,Offer 21% discount + dedicated support,Schedule executive business review meeting,Provide custom integration support package
CUST_000161,Germany,Healthcare,Professional,199.51,860.79,1.0,High,16.95,69,Critical,Within 24-48 hours,Phone + Email,Immediate Retention Call,Exclusive Discount Offer,Re-engagement campaign - 1103 days inactive,21,Initiate proactive outreach call,Offer 21% discount on next renewal,Provide free upgrade trial to Enterprise tier,Send personalized value demonstration
CUST_000316,Canada,Education,Enterprise,783.94,7651.71,1.0,High,16.93,70,Critical,Within 24-48 hours,Phone + Email,Immediate Retention Call,Exclusive Discount Offer,Re-engagement campaign - 745 days inactive,21,Escalate to enterprise success team immediately,Offer 21% discount + dedicated support,Schedule executive business review meeting,Provide custom integration support package
CUST_000168,USA,Consulting,Basic,47.53,348.0,1.0,High,16.89,71,Critical,Within 24-48 hours,Phone + Email,Immediate Retention Call,Exclusive Discount Offer,Re-engagement campaign - 1006 days inactive,21,Send win-back email with special offer,Offer 21% discount + free tier upgrade trial,Provide onboarding assistance call,Share success stories from similar customers
CUST_000276,Germany,Media,Enterprise,530.21,5334.67,1.0,High,16.81,73,Critical,Within 24-48 hours,Phone + Email,Immediate Retention Call,Exclusive Discount Offer,Re-engagement campaign - 760 days inactive,21,Escalate to enterprise success team immediately,Offer 21% discount + dedicated support,Schedule executive business review meeting,Provide custom integration support package
CUST_000325,Australia,Consulting,Professional,173.72,4181.62,0.9999999985220764,High,16.81,72,Critical,Within 24-48 hours,Phone + Email,Immediate Retention Call,Exclusive Discount Offer,Re-engagement campaign - 307 days inactive,21,Initiate proactive outreach call,Offer 21% discount on next renewal,Provide free upgrade trial to Enterprise tier,Send personalized value demonstration
CUST_000158,Japan,Healthcare,Professional,149.12,470.55,1.0,High,16.78,74,Critical,Within 24-48 hours,Phone + Email,Immediate Retention Call,Exclusive Discount Offer,Re-engagement campaign - 1139 days inactive,21,Initiate proactive outreach call,Offer 21% discount on next renewal,Provide free upgrade trial to Enterprise tier,Send personalized value demonstration
CUST_000190,Australia,Finance,Basic,85.94,707.69,1.0,High,16.77,75,Critical,Within 24-48 hours,Phone + Email,Immediate Retention Call,Exclusive Discount Offer,Re-engagement campaign - 879 days inactive,21,Send win-back email with special offer,Offer 21% discount + free tier upgrade trial,Provide onboarding assistance call,Share success stories from similar customers
CUST_000364,USA,Technology,Enterprise,983.94,8556.880000000001,1.0,High,16.69,76,Critical,Within 24-48 hours,Phone + Email,Immediate Retention Call,Exclusive Discount Offer,Re-engagement campaign - 626 days inactive,21,Escalate to enterprise success team immediately,Offer 21% discount + dedicated support,Schedule executive business review meeting,Provide custom integration support package
CUST_000225,UK,Manufacturing,Basic,70.56,1074.48,1.0,High,16.62,77,Critical,Within 24-48 hours,Phone + Email,Immediate Retention Call,Exclusive Discount Offer,Re-engagement campaign - 677 days inactive,21,Send win-back email with special offer,Offer 21% discount + free tier upgrade trial,Provide onboarding assistance call,Share success stories from similar customers
CUST_000330,France,Healthcare,Professional,204.1,4279.66,0.9999999999869562,High,16.58,78,Critical,Within 24-48 hours,Phone + Email,Immediate Retention Call,Exclusive Discount Offer,Re-engagement campaign - 361 days inactive,21,Initiate proactive outreach call,Offer 21% discount on next renewal,Provide free upgrade trial to Enterprise tier,Send personalized value demonstration
CUST_000270,Germany,Energy,Basic,77.73,1668.72,0.9999999999999932,High,16.52,79,Critical,Within 24-48 hours,Phone + Email,Immediate Retention Call,Exclusive Discount Offer,Re-engagement campaign - 430 days inactive,21,Send win-back email with special offer,Offer 21% discount + free tier upgrade trial,Provide onboarding assistance call,Share success stories from similar customers
CUST_000267,Singapore,Real Estate,Professional,230.19,3209.53,1.0,High,16.5,80,Critical,Within 24-48 hours,Phone + Email,Immediate Retention Call,Exclusive Discount Offer,Re-engagement campaign - 647 days inactive,21,Initiate proactive outreach call,Offer 21% discount on next renewal,Provide free upgrade trial to Enterprise tier,Send personalized value demonstration
CUST_000183,India,Energy,Basic,68.32,419.2,1.0,High,16.48,81,Critical,Within 24-48 hours,Phone + Email,Immediate Retention Call,Exclusive Discount Offer,Re-engagement campaign - 1012 days inactive,21,Send win-back email with special offer,Offer 21% discount + free tier upgrade trial,Provide onboarding assistance call,Share success stories from similar customers
CUST_000199,Japan,Education,Professional,108.73,915.28,1.0,High,16.46,83,Critical,Within 24-48 hours,Phone + Email,Immediate Retention Call,Exclusive Discount Offer,Address payment issues - offer alternative payment methods,21,Initiate proactive outreach call,Offer 21% discount on next renewal,Provide free upgrade trial to Enterprise tier,Send personalized value demonstration
CUST_000275,Germany,Retail,Enterprise,335.74,3584.2,1.0,High,16.46,82,Critical,Within 24-48 hours,Phone + Email,Immediate Retention Call,Exclusive Discount Offer,Re-engagement campaign - 672 days inactive,21,Escalate to enterprise success team immediately,Offer 21% discount + dedicated support,Schedule executive business review meeting,Provide custom integration support package
CUST_000423,USA,Real Estate,Professional,251.33,5925.34,0.9940521179543088,High,16.35,84,Critical,Within 24-48 hours,Phone + Email,Immediate Retention Call,Exclusive Discount Offer,Address payment issues - offer alternative payment methods,21,Initiate proactive outreach call,Offer 21% discount on next renewal,Provide free upgrade trial to Enterprise tier,Send personalized value demonstration
CUST_000349,USA,Media,Professional,167.91,3467.4,0.999999965468383,High,16.25,86,Critical,Within 24-48 hours,Phone + Email,Immediate Retention Call,Exclusive Discount Offer,Re-engagement campaign - 281 days inactive,21,Initiate proactive outreach call,Offer 21% discount on next renewal,Provide free upgrade trial to Enterprise tier,Send personalized value demonstration
CUST_000372,Canada,Technology,Professional,147.13,3660.18,0.9998589902693256,High,16.25,85,Critical,Within 24-48 hours,Phone + Email,Immediate Retention Call,Exclusive Discount Offer,Re-engagement campaign - 197 days inactive,21,Initiate proactive outreach call,Offer 21% discount on next renewal,Provide free upgrade trial to Enterprise tier,Send personalized value demonstration
CUST_000253,Canada,Retail,Basic,96.01,1455.52,1.0,High,16.24,87,Critical,Within 24-48 hours,Phone + Email,Immediate Retention Call,Exclusive Discount Offer,Address payment issues - offer alternative payment methods,21,Send win-back email with special offer,Offer 21% discount + free tier upgrade trial,Provide onboarding assistance call,Share success stories from similar customers
CUST_000312,UK,Media,Professional,146.1,2803.25,0.9999999999999968,High,16.23,88,Critical,Within 24-48 hours,Phone + Email,Immediate Retention Call,Exclusive Discount Offer,Re-engagement campaign - 447 days inactive,21,Initiate proactive outreach call,Offer 21% discount on next renewal,Provide free upgrade trial to Enterprise tier,Send personalized value demonstration
CUST_000294,USA,Technology,Basic,49.89,1120.73,0.9999999999985688,High,16.16,89,Critical,Within 24-48 hours,Phone + Email,Immediate Retention Call,Exclusive Discount Offer,Re-engagement campaign - 381 days inactive,21,Send win-back email with special offer,Offer 21% discount + free tier upgrade trial,Provide onboarding assistance call,Share success stories from similar customers
CUST_000399,India,Finance,Professional,176.68,4275.63,0.9998694573496354,High,15.98,90,Critical,Within 24-48 hours,Phone + Email,Immediate Retention Call,Exclusive Discount Offer,Re-engagement campaign - 191 days inactive,21,Initiate proactive outreach call,Offer 21% discount on next renewal,Provide free upgrade trial to Enterprise tier,Send personalized value demonstration
CUST_000334,USA,Energy,Basic,92.2,1994.21,0.999999998276286,High,15.94,91,Critical,Within 24-48 hours,Phone + Email,Immediate Retention Call,Exclusive Discount Offer,Re-engagement campaign - 296 days inactive,21,Send win-back email with special offer,Offer 21% discount + free tier upgrade trial,Provide onboarding assistance call,Share success stories from similar customers
CUST_000321,USA,Manufacturing,Basic,54.73,1074.47,0.9999999917388844,High,15.92,92,Critical,Within 24-48 hours,Phone + Email,Immediate Retention Call,Exclusive Discount Offer,Re-engagement campaign - 286 days inactive,21,Send win-back email with special offer,Offer 21% discount + free tier upgrade trial,Provide onboarding assistance call,Share success stories from similar customers
CUST_000327,France,Energy,Professional,259.4,3862.06,1.0,High,15.9,93,Critical,Within 24-48 hours,Phone + Email,Immediate Retention Call,Exclusive Discount Offer,Re-engagement campaign - 542 days inactive,21,Initiate proactive outreach call,Offer 21% discount on next renewal,Provide free upgrade trial to Enterprise tier,Send personalized value demonstration
CUST_000369,UK,Finance,Enterprise,491.95,5915.44,1.0,High,15.78,94,Critical,Within 24-48 hours,Phone + Email,Immediate Retention Call,Exclusive Discount Offer,Address payment issues - offer alternative payment methods,21,Escalate to enterprise success team immediately,Offer 21% discount + dedicated support,Schedule executive business review meeting,Provide custom integration support package
CUST_000344,France,Real Estate,Basic,76.09,1775.84,0.9999999961458436,High,15.71,96,Critical,Within 24-48 hours,Phone + Email,Immediate Retention Call,Exclusive Discount Offer,Address payment issues - offer alternative payment methods,21,Send win-back email with special offer,Offer 21% discount + free tier upgrade trial,Provide onboarding assistance call,Share success stories from similar customers
CUST_000431,Australia,Retail,Professional,164.97,4253.93,0.966844063130953,High,15.71,95,Critical,Within 24-48 hours,Phone + Email,Immediate Retention Call,Exclusive Discount Offer,Re-engagement campaign - 128 days inactive,21,Initiate proactive outreach call,Offer 21% discount on next renewal,Provide free upgrade trial to Enterprise tier,Send personalized value demonstration
CUST_000293,France,Manufacturing,Basic,90.37,988.27,1.0,High,15.33,97,Critical,Within 24-48 hours,Phone + Email,Immediate Retention Call,Exclusive Discount Offer,Re-engagement campaign - 652 days inactive,21,Send win-back email with special offer,Offer 21% discount + free tier upgrade trial,Provide onboarding assistance call,Share success stories from similar customers
CUST_000264,UK,Finance,Basic,49.33,499.65,1.0,High,15.28,98,Critical,Within 24-48 hours,Phone + Email,Immediate Retention Call,Exclusive Discount Offer,Re-engagement campaign - 770 days inactive,21,Send win-back email with special offer,Offer 21% discount + free tier upgrade trial,Provide onboarding assistance call,Share success stories from similar customers
CUST_000342,USA,Energy,Professional,182.08,2575.92,1.0,High,15.2,99,Critical,Within 24-48 hours,Phone + Email,Immediate Retention Call,Exclusive Discount Offer,Address payment issues - offer alternative payment methods,21,Initiate proactive outreach call,Offer 21% discount on next renewal,Provide free upgrade trial to Enterprise tier,Send personalized value demonstration
CUST_000496,Australia,Education,Professional,209.61,5021.08,0.7172322472010432,High,15.14,100,Critical,Within 24-48 hours,Phone + Email,Immediate Retention Call,Exclusive Discount Offer,Address payment issues - offer alternative payment methods,21,Initiate proactive outreach call,Offer 21% discount on next renewal,Provide free upgrade trial to Enterprise tier,Send personalized value demonstration
CUST_000274,USA,Energy,Professional,144.13,986.47,1.0,High,15.04,101,Critical,Within 24-48 hours,Phone + Email,Immediate Retention Call,Exclusive Discount Offer,Re-engagement campaign - 852 days inactive,21,Initiate proactive outreach call,Offer 21% discount on next renewal,Provide free upgrade trial to Enterprise tier,Send personalized value demonstration
CUST_000403,UK,Retail,Professional,109.31,2149.56,0.9999995158576804,High,14.98,102,Critical,Within 24-48 hours,Phone + Email,Immediate Retention Call,Exclusive Discount Offer,Re-engagement campaign - 247 days inactive,21,Initiate proactive outreach call,Offer 21% discount on next renewal,Provide free upgrade trial to Enterprise tier,Send personalized value demonstration
CUST_000461,Japan,Media,Professional,190.8,4155.47,0.9997405162942672,High,14.98,103,Critical,Within 24-48 hours,Phone + Email,Immediate Retention Call,Exclusive Discount Offer,Re-engagement campaign - 180 days inactive,21,Initiate proactive outreach call,Offer 21% discount on next renewal,Provide free upgrade trial to Enterprise tier,Send personalized value demonstration
CUST_000292,Germany,Finance,Basic,94.56,856.64,1.0,High,14.93,104,Critical,Within 24-48 hours,Phone + Email,Immediate Retention Call,Exclusive Discount Offer,Re-engagement campaign - 773 days inactive,21,Send win-back email with special offer,Offer 21% discount + free tier upgrade trial,Provide onboarding assistance call,Share success stories from similar customers
CUST_000413,Germany,Healthcare,Enterprise,821.82,6594.93,1.0,High,14.88,105,Critical,Within 24-48 hours,Phone + Email,Immediate Retention Call,Exclusive Discount Offer,Address payment issues - offer alternative payment methods,21,Escalate to enterprise success team immediately,Offer 21% discount + dedicated support,Schedule executive business review meeting,Provide custom integration support package
CUST_000328,UK,Retail,Basic,82.33,1063.77,1.0,High,14.73,106,Critical,Within 24-48 hours,Phone + Email,Immediate Retention Call,Exclusive Discount Offer,Re-engagement campaign - 601 days inactive,21,Send win-back email with special offer,Offer 21% discount + free tier upgrade trial,Provide onboarding assistance call,Share success stories from similar customers
CUST_000260,Singapore,Manufacturing,Basic,49.15,143.74,1.0,High,14.62,107,Critical,Within 24-48 hours,Phone + Email,Immediate Retention Call,Exclusive Discount Offer,Re-engagement campaign - 987 days inactive,21,Send win-back email with special offer,Offer 21% discount + free tier upgrade trial,Provide onboarding assistance call,Share success stories from similar customers
CUST_000278,Japan,Finance,Professional,100.04,298.08,1.0,High,14.62,108,Critical,Within 24-48 hours,Phone + Email,Immediate Retention Call,Exclusive Discount Offer,Address payment issues - offer alternative payment methods,21,Initiate proactive outreach call,Offer 21% discount on next renewal,Provide free upgrade trial to Enterprise tier,Send personalized value demonstration
CUST_000418,Germany,Manufacturing,Professional,175.13,3114.56,0.999999999998736,High,14.61,109,Critical,Within 24-48 hours,Phone + Email,Immediate Retention Call,Exclusive Discount Offer,Address payment issues - offer alternative payment methods,21,Initiate proactive outreach call,Offer 21% discount on next renewal,Provide free upgrade trial to Enterprise tier,Send personalized value demonstration
CUST_000406,Singapore,Healthcare,Enterprise,430.71,4433.35,1.0,High,14.5,110,Critical,Within 24-48 hours,Phone + Email,Immediate Retention Call,Exclusive Discount Offer,Re-engagement campaign - 602 days inactive,21,Escalate to enterprise success team immediately,Offer 21% discount + dedicated support,Schedule executive business review meeting,Provide custom integration support package
CUST_000526,Japan,Retail,Professional,243.18,4835.84,0.9992221716928492,High,14.29,111,Critical,Within 24-48 hours,Phone + Email,Immediate Retention Call,Exclusive Discount Offer,Re-engagement campaign - 174 days inactive,21,Initiate proactive outreach call,Offer 21% discount on next renewal,Provide free upgrade trial to Enterprise tier,Send personalized value demonstration
CUST_000468,USA,Technology,Basic,78.2,1805.9,0.997216128514127,High,14.22,112,Critical,Within 24-48 hours,Phone + Email,Immediate Retention Call,Exclusive Discount Offer,Re-engagement campaign - 144 days inactive,21,Send win-back email with special offer,Offer 21% discount + free tier upgrade trial,Provide onboarding assistance call,Share success stories from similar customers
CUST_000458,Germany,Energy,Professional,149.48,2836.6,0.9999999741038152,High,14.21,113,Critical,Within 24-48 hours,Phone + Email,Immediate Retention Call,Exclusive Discount Offer,Re-engagement campaign - 275 days inactive,21,Initiate proactive outreach call,Offer 21% discount on next renewal,Provide free upgrade trial to Enterprise tier,Send personalized value demonstration
CUST_000494,Canada,Manufacturing,Professional,255.71,3974.77,0.9999987774099284,High,14.2,114,Critical,Within 24-48 hours,Phone + Email,Immediate Retention Call,Exclusive Discount Offer,Re-engagement campaign - 236 days inactive,21,Initiate proactive outreach call,Offer 21% discount on next renewal,Provide free upgrade trial to Enterprise tier,Send personalized value demonstration
CUST_000311,USA,Retail,Basic,29.48,171.99,1.0,High,14.16,115,Critical,Within 24-48 hours,Phone + Email,Immediate Retention Call,Exclusive Discount Offer,Re-engagement campaign - 839 days inactive,21,Send win-back email with special offer,Offer 21% discount + free tier upgrade trial,Provide onboarding assistance call,Share success stories from similar customers
CUST_000408,Japan,Energy,Professional,142.4,2046.31,0.9999999999999998,High,14.08,116,Critical,Within 24-48 hours,Phone + Email,Immediate Retention Call,Exclusive Discount Offer,Re-engagement campaign - 484 days inactive,21,Initiate proactive outreach call,Offer 21% discount on next renewal,Provide free upgrade trial to Enterprise tier,Send personalized value demonstration
CUST_000437,France,Education,Professional,132.85,2161.49,0.9999999999994484,High,13.96,117,Critical,Within 24-48 hours,Phone + Email,Immediate Retention Call,Exclusive Discount Offer,Re-engagement campaign - 389 days inactive,21,Initiate proactive outreach call,Offer 21% discount on next renewal,Provide free upgrade trial to Enterprise tier,Send personalized value demonstration
CUST_000346,UK,Media,Professional,149.89,1080.91,1.0,High,13.93,118,Critical,Within 24-48 hours,Phone + Email,Immediate Retention Call,Exclusive Discount Offer,Re-engagement campaign - 764 days inactive,21,Initiate proactive outreach call,Offer 21% discount on next renewal,Provide free upgrade trial to Enterprise tier,Send personalized value demonstration
CUST_000414,UK,Real Estate,Basic,93.01,1391.82,0.9999999999999925,High,13.81,119,Critical,Within 24-48 hours,Phone + Email,Immediate Retention Call,Exclusive Discount Offer,Re-engagement campaign - 438 days inactive,21,Send win-back email with special offer,Offer 21% discount + free tier upgrade trial,Provide onboarding assistance call,Share success stories from similar customers
CUST_000593,USA,Media,Premium,1790.16,10432.9,1.0,High,13.7,120,Critical,Within 24-48 hours,Phone + Email,Immediate Retention Call,Exclusive Discount Offer,Address payment issues - offer alternative payment methods,21,Schedule VIP retention call with account manager,Offer 21% discount on annual renewal,Provide complimentary premium support for 3 months,Invite to exclusive executive roundtable event
CUST_000341,Australia,Technology,Basic,60.74,352.74,1.0,High,13.69,121,Critical,Within 24-48 hours,Phone + Email,Immediate Retention Call,Exclusive Discount Offer,Re-engagement campaign - 801 days inactive,21,Send win-back email with special offer,Offer 21% discount + free tier upgrade trial,Provide onboarding assistance call,Share success stories from similar customers
CUST_000358,UK,Media,Enterprise,561.95,1622.6799999999998,1.0,High,13.56,122,Critical,Within 24-48 hours,Phone + Email,Immediate Retention Call,Exclusive Discount Offer,Address payment issues - offer alternative payment methods,21,Escalate to enterprise success team immediately,Offer 21% discount + dedicated support,Schedule executive business review meeting,Provide custom integration support package
CUST_000456,France,Healthcare,Basic,65.71,1192.4,0.9999999991965858,High,13.55,123,Critical,Within 24-48 hours,Phone + Email,Immediate Retention Call,Exclusive Discount Offer,Re-engagement campaign - 306 days inactive,21,Send win-back email with special offer,Offer 21% discount + free tier upgrade trial,Provide onboarding assistance call,Share success stories from similar customers
CUST_000532,Australia,Education,Professional,187.04,3213.0,0.9999998872491688,High,13.3,124,Critical,Within 24-48 hours,Phone + Email,Immediate Retention Call,Exclusive Discount Offer,Re-engagement campaign - 260 days inactive,21,Initiate proactive outreach call,Offer 21% discount on next renewal,Provide free upgrade trial to Enterprise tier,Send personalized value demonstration
CUST_000500,India,Manufacturing,Professional,258.61,3387.46,0.9999999999999404,High,13.26,125,Critical,Within 24-48 hours,Phone + Email,Immediate Retention Call,Exclusive Discount Offer,Re-engagement campaign - 413 days inactive,21,Initiate proactive outreach call,Offer 21% discount on next renewal,Provide free upgrade trial to Enterprise tier,Send personalized value demonstration
CUST_000492,USA,Media,Basic,96.82,1658.46,0.999999998644718,High,13.19,126,Critical,Within 24-48 hours,Phone + Email,Immediate Retention Call,Exclusive Discount Offer,Re-engagement campaign - 301 days inactive,21,Send win-back email with special offer,Offer 21% discount + free tier upgrade trial,Provide onboarding assistance call,Share success stories from similar customers
CUST_000566,Canada,Media,Professional,120.19,2498.35,0.723677043985919,High,13.18,127,Critical,Within 24-48 hours,Phone + Email,Immediate Retention Call,Exclusive Discount Offer,Re-engagement campaign - 105 days inactive,21,Initiate proactive outreach call,Offer 21% discount on next renewal,Provide free upgrade trial to Enterprise tier,Send personalized value demonstration
CUST_000389,USA,Technology,Professional,293.46,1485.1999999999998,1.0,High,13.15,128,Critical,Within 24-48 hours,Phone + Email,Immediate Retention Call,Exclusive Discount Offer,Re-engagement campaign - 768 days inactive,21,Initiate proactive outreach call,Offer 21% discount on next renewal,Provide free upgrade trial to Enterprise tier,Send personalized value demonstration
CUST_000552,Brazil,Retail,Enterprise,475.88,5199.16,0.9999999999999932,High,13.06,129,Critical,Within 24-48 hours,Phone + Email,Immediate Retention Call,Exclusive Discount Offer,Address payment issues - offer alternative payment methods,21,Escalate to enterprise success team immediately,Offer 21% discount + dedicated support,Schedule executive business review meeting,Provide custom integration support package
CUST_000420,France,Manufacturing,Professional,151.31,1095.71,1.0,High,13.03,130,Critical,Within 24-48 hours,Phone + Email,Immediate Retention Call,Exclusive Discount Offer,Re-engagement campaign - 616 days inactive,21,Initiate proactive outreach call,Offer 21% discount on next renewal,Provide free upgrade trial to Enterprise tier,Send personalized value demonstration
CUST_000388,Australia,Media,Basic,67.91,343.72,1.0,High,12.77,131,Critical,Within 24-48 hours,Phone + Email,Immediate Retention Call,Exclusive Discount Offer,Address payment issues - offer alternative payment methods,21,Send win-back email with special offer,Offer 21% discount + free tier upgrade trial,Provide onboarding assistance call,Share success stories from similar customers
CUST_000416,USA,Media,Professional,282.03,1166.08,1.0,High,12.57,132,Critical,Within 24-48 hours,Phone + Email,Immediate Retention Call,Exclusive Discount Offer,Address payment issues - offer alternative payment methods,21,Initiate proactive outreach call,Offer 21% discount on next renewal,Provide free upgrade trial to Enterprise tier,Send personalized value demonstration
CUST_000441,USA,Healthcare,Professional,288.04,1509.33,1.0,High,12.5,133,Critical,Within 24-48 hours,Phone + Email,Immediate Retention Call,Exclusive Discount Offer,Re-engagement campaign - 717 days inactive,21,Initiate proactive outreach call,Offer 21% discount on next renewal,Provide free upgrade trial to Enterprise tier,Send personalized value demonstration
CUST_000484,Canada,Media,Basic,76.39,917.37,0.9999999999999992,High,12.47,134,Critical,Within 24-48 hours,Phone + Email,Immediate Retention Call,Exclusive Discount Offer,Re-engagement campaign - 456 days inactive,21,Send win-back email with special offer,Offer 21% discount + free tier upgrade trial,Provide onboarding assistance call,Share success stories from similar customers
CUST_000571,Japan,Education,Basic,56.38,1053.96,0.9997219912318328,High,12.39,135,Critical,Within 24-48 hours,Phone + Email,Immediate Retention Call,Exclusive Discount Offer,Re-engagement campaign - 159 days inactive,21,Send win-back email with special offer,Offer 21% discount + free tier upgrade trial,Provide onboarding assistance call,Share success stories from similar customers
CUST_000415,Canada,Consulting,Professional,239.75,706.71,1.0,High,12.32,136,Critical,Within 24-48 hours,Phone + Email,Immediate Retention Call,Exclusive Discount Offer,Re-engagement campaign - 801 days inactive,21,Initiate proactive outreach call,Offer 21% discount on next renewal,Provide free upgrade trial to Enterprise tier,Send personalized value demonstration
CUST_000828,USA,Consulting,Premium,1079.66,10851.43,0.9999991727337538,High,12.29,137,Critical,Within 24-48 hours,Phone + Email,Immediate Retention Call,Exclusive Discount Offer,Re-engagement campaign - 221 days inactive,21,Schedule VIP retention call with account manager,Offer 21% discount on annual renewal,Provide complimentary premium support for 3 months,Invite to exclusive executive roundtable event
CUST_000450,USA,Energy,Basic,67.62,565.31,1.0,High,12.28,138,Critical,Within 24-48 hours,Phone + Email,Immediate Retention Call,Exclusive Discount Offer,Re-engagement campaign - 610 days inactive,21,Send win-back email with special offer,Offer 21% discount + free tier upgrade trial,Provide onboarding assistance call,Share success stories from similar customers
CUST_000493,Canada,Education,Professional,104.93,1037.47,1.0,High,12.17,139,Critical,Within 24-48 hours,Phone + Email,Immediate Retention Call,Exclusive Discount Offer,Re-engagement campaign - 510 days inactive,21,Initiate proactive outreach call,Offer 21% discount on next renewal,Provide free upgrade trial to Enterprise tier,Send personalized value demonstration
CUST_000419,Brazil,Energy,Basic,74.41,219.27,1.0,High,12.13,140,Critical,Within 24-48 hours,Phone + Email,Immediate Retention Call,Exclusive Discount Offer,Re-engagement campaign - 796 days inactive,21,Send win-back email with special offer,Offer 21% discount + free tier upgrade trial,Provide onboarding assistance call,Share success stories from similar customers
CUST_000454,Australia,Media,Basic,85.43,456.24,1.0,High,12.09,141,Critical,Within 24-48 hours,Phone + Email,Immediate Retention Call,Exclusive Discount Offer,Address payment issues - offer alternative payment methods,21,Send win-back email with special offer,Offer 21% discount + free tier upgrade trial,Provide onboarding assistance call,Share success stories from similar customers
CUST_000478,UK,Finance,Basic,94.01,761.48,1.0,High,12.06,142,Critical,Within 24-48 hours,Phone + Email,Immediate Retention Call,Exclusive Discount Offer,Re-engagement campaign - 585 days inactive,21,Send win-back email with special offer,Offer 21% discount + free tier upgrade trial,Provide onboarding assistance call,Share success stories from similar customers
CUST_000548,USA,Manufacturing,Basic,87.19,1061.27,0.9999999999697696,High,12.02,143,Critical,Within 24-48 hours,Phone + Email,Immediate Retention Call,Exclusive Discount Offer,Re-engagement campaign - 337 days inactive,21,Send win-back email with special offer,Offer 21% discount + free tier upgrade trial,Provide onboarding assistance call,Share success stories from similar customers
CUST_000634,UK,Healthcare,Professional,213.54,3259.39,0.9999968454506976,High,11.99,144,Critical,Within 24-48 hours,Phone + Email,Immediate Retention Call,Exclusive Discount Offer,Re-engagement campaign - 219 days inactive,21,Initiate proactive outreach call,Offer 21% discount on next renewal,Provide free upgrade trial to Enterprise tier,Send personalized value demonstration
CUST_000635,France,Manufacturing,Basic,83.26,1568.2,0.9207289824253206,High,11.96,145,Critical,Within 24-48 hours,Phone + Email,Immediate Retention Call,Exclusive Discount Offer,Re-engagement campaign - 102 days inactive,21,Send win-back email with special offer,Offer 21% discount + free tier upgrade trial,Provide onboarding assistance call,Share success stories from similar customers
CUST_000457,France,Retail,Professional,137.39,698.76,1.0,High,11.94,146,Critical,Within 24-48 hours,Phone + Email,Immediate Retention Call,Exclusive Discount Offer,Re-engagement campaign - 694 days inactive,21,Initiate proactive outreach call,Offer 21% discount on next renewal,Provide free upgrade trial to Enterprise tier,Send personalized value demonstration
CUST_000497,USA,Media,Professional,185.37,1391.87,1.0,High,11.92,147,Critical,Within 24-48 hours,Phone + Email,Immediate Retention Call,Exclusive Discount Offer,Re-engagement campaign - 598 days inactive,21,Initiate proactive outreach call,Offer 21% discount on next renewal,Provide free upgrade trial to Enterprise tier,Send personalized value demonstration
CUST_000557,USA,Media,Professional,207.73,1833.47,0.9999999999999702,High,11.84,148,Critical,Within 24-48 hours,Phone + Email,Immediate Retention Call,Exclusive Discount Offer,Re-engagement campaign - 417 days inactive,21,Initiate proactive outreach call,Offer 21% discount on next renewal,Provide free upgrade trial to Enterprise tier,Send personalized value demonstration
CUST_000607,USA,Manufacturing,Enterprise,942.08,5550.32,1.0,High,11.81,149,Critical,Within 24-48 hours,Phone + Email,Immediate Retention Call,Exclusive Discount Offer,Re-engagement campaign - 513 days inactive,21,Escalate to enterprise success team immediately,Offer 21% discount + dedicated support,Schedule executive business review meeting,Provide custom integration support package
CUST_000659,Germany,Finance,Professional,239.29,3339.14,0.9999993822053428,High,11.72,150,Critical,Within 24-48 hours,Phone + Email,Immediate Retention Call,Exclusive Discount Offer,Re-engagement campaign - 237 days inactive,21,Initiate proactive outreach call,Offer 21% discount on next renewal,Provide free upgrade trial to Enterprise tier,Send personalized value demonstration
CUST_000525,Japan,Healthcare,Basic,54.28,530.98,1.0,High,11.59,151,Critical,Within 24-48 hours,Phone + Email,Immediate Retention Call,Exclusive Discount Offer,Address payment issues - offer alternative payment methods,21,Send win-back email with special offer,Offer 21% discount + free tier upgrade trial,Provide onboarding assistance call,Share success stories from similar customers
CUST_000677,UK,Manufacturing,Professional,166.55,2419.71,0.9990222968483164,High,11.54,152,Critical,Within 24-48 hours,Phone + Email,Immediate Retention Call,Exclusive Discount Offer,Re-engagement campaign - 159 days inactive,21,Initiate proactive outreach call,Offer 21% discount on next renewal,Provide free upgrade trial to Enterprise tier,Send personalized value demonstration
CUST_000505,USA,Healthcare,Professional,100.04,713.41,1.0,High,11.53,153,Critical,Within 24-48 hours,Phone + Email,Immediate Retention Call,Exclusive Discount Offer,Re-engagement campaign - 587 days inactive,21,Initiate proactive outreach call,Offer 21% discount on next renewal,Provide free upgrade trial to Enterprise tier,Send personalized value demonstration
CUST_000641,France,Technology,Professional,188.95,2394.58,0.999999289181626,High,11.51,154,Critical,Within 24-48 hours,Phone + Email,Immediate Retention Call,Exclusive Discount Offer,Re-engagement campaign - 245 days inactive,21,Initiate proactive outreach call,Offer 21% discount on next renewal,Provide free upgrade trial to Enterprise tier,Send personalized value demonstration
CUST_000528,Singapore,Retail,Basic,61.05,535.45,1.0,High,11.46,155,Critical,Within 24-48 hours,Phone + Email,Immediate Retention Call,Exclusive Discount Offer,Re-engagement campaign - 505 days inactive,21,Send win-back email with special offer,Offer 21% discount + free tier upgrade trial,Provide onboarding assistance call,Share success stories from similar customers
CUST_000627,USA,Real Estate,Basic,63.21,1020.93,0.9999897206292514,High,11.41,156,Critical,Within 24-48 hours,Phone + Email,Immediate Retention Call,Exclusive Discount Offer,Address payment issues - offer alternative payment methods,21,Send win-back email with special offer,Offer 21% discount + free tier upgrade trial,Provide onboarding assistance call,Share success stories from similar customers
CUST_000518,USA,Retail,Professional,213.39,1102.28,1.0,High,11.24,157,Critical,Within 24-48 hours,Phone + Email,Immediate Retention Call,Exclusive Discount Offer,Re-engagement campaign - 632 days inactive,21,Initiate proactive outreach call,Offer 21% discount on next renewal,Provide free upgrade trial to Enterprise tier,Send personalized value demonstration
CUST_000570,Germany,Consulting,Professional,143.21,1250.27,0.9999999999999998,High,11.18,158,Critical,Within 24-48 hours,Phone + Email,Immediate Retention Call,Exclusive Discount Offer,Re-engagement campaign - 463 days inactive,21,Initiate proactive outreach call,Offer 21% discount on next renewal,Provide free upgrade trial to Enterprise tier,Send personalized value demonstration
CUST_000631,USA,Manufacturing,Enterprise,416.75,3457.89,0.9999999999999952,High,11.1,160,Critical,Within 24-48 hours,Phone + Email,Immediate Retention Call,Exclusive Discount Offer,Re-engagement campaign - 432 days inactive,21,Escalate to enterprise success team immediately,Offer 21% discount + dedicated support,Schedule executive business review meeting,Provide custom integration support package
CUST_000759,France,Finance,Enterprise,823.84,6768.44,0.9999999999896494,High,11.1,159,Critical,Within 24-48 hours,Phone + Email,Immediate Retention Call,Exclusive Discount Offer,Address payment issues - offer alternative payment methods,21,Escalate to enterprise success team immediately,Offer 21% discount + dedicated support,Schedule executive business review meeting,Provide custom integration support package
CUST_000692,India,Retail,Basic,59.05,1004.62,0.9582190689021228,High,11.06,161,Critical,Within 24-48 hours,Phone + Email,Immediate Retention Call,Exclusive Discount Offer,Re-engagement campaign - 116 days inactive,21,Send win-back email with special offer,Offer 21% discount + free tier upgrade trial,Provide onboarding assistance call,Share success stories from similar customers
CUST_000599,Singapore,Energy,Premium,1372.92,4160.45,1.0,High,11.03,162,Critical,Within 24-48 hours,Phone + Email,Immediate Retention Call,Exclusive Discount Offer,Re-engagement campaign - 613 days inactive,21,Schedule VIP retention call with account manager,Offer 21% discount on annual renewal,Provide complimentary premium support for 3 months,Invite to exclusive executive roundtable event
CUST_000555,Canada,Consulting,Basic,62.55,493.53,1.0,High,11.02,163,Critical,Within 24-48 hours,Phone + Email,Immediate Retention Call,Exclusive Discount Offer,Re-engagement campaign - 508 days inactive,21,Send win-back email with special offer,Offer 21% discount + free tier upgrade trial,Provide onboarding assistance call,Share success stories from similar customers
CUST_000609,USA,Finance,Professional,161.64,1638.81,0.9999999999995997,High,10.98,164,Critical,Within 24-48 hours,Phone + Email,Immediate Retention Call,Exclusive Discount Offer,Re-engagement campaign - 392 days inactive,21,Initiate proactive outreach call,Offer 21% discount on next renewal,Provide free upgrade trial to Enterprise tier,Send personalized value demonstration
CUST_000657,Germany,Media,Enterprise,942.14,4574.27,1.0,High,10.85,165,Critical,Within 24-48 hours,Phone + Email,Immediate Retention Call,Exclusive Discount Offer,Address payment issues - offer alternative payment methods,21,Escalate to enterprise success team immediately,Offer 21% discount + dedicated support,Schedule executive business review meeting,Provide custom integration support package
CUST_000632,UK,Real Estate,Professional,212.13,1849.48,0.9999999999999852,High,10.53,166,Critical,Within 24-48 hours,Phone + Email,Immediate Retention Call,Exclusive Discount Offer,Re-engagement campaign - 431 days inactive,21,Initiate proactive outreach call,Offer 21% discount on next renewal,Provide free upgrade trial to Enterprise tier,Send personalized value demonstration
CUST_000580,Japan,Education,Basic,62.33,361.4,1.0,High,10.4,167,Critical,Within 24-48 hours,Phone + Email,Immediate Retention Call,Exclusive Discount Offer,Address payment issues - offer alternative payment methods,21,Send win-back email with special offer,Offer 21% discount + free tier upgrade trial,Provide onboarding assistance call,Share success stories from similar customers
CUST_000630,USA,Manufacturing,Professional,143.97,1189.47,0.9999999999999896,High,10.31,168,Critical,Within 24-48 hours,Phone + Email,Immediate Retention Call,Exclusive Discount Offer,Re-engagement campaign - 434 days inactive,21,Initiate proactive outreach call,Offer 21% discount on next renewal,Provide free upgrade trial to Enterprise tier,Send personalized value demonstration
CUST_000908,USA,Finance,Premium,1755.77,9013.5,0.9999999999949538,High,10.2,169,Critical,Within 24-48 hours,Phone + Email,Immediate Retention Call,Exclusive Discount Offer,Re-engagement campaign - 326 days inactive,21,Schedule VIP retention call with account manager,Offer 21% discount on annual renewal,Provide complimentary premium support for 3 months,Invite to exclusive executive roundtable event
CUST_000569,Japan,Energy,Professional,215.1,617.46,1.0,High,10.19,170,Critical,Within 24-48 hours,Phone + Email,Immediate Retention Call,Exclusive Discount Offer,Re-engagement campaign - 639 days inactive,21,Initiate proactive outreach call,Offer 21% discount on next renewal,Provide free upgrade trial to Enterprise tier,Send personalized value demonstration
CUST_000587,France,Retail,Basic,65.12,343.93,1.0,High,10.18,171,Critical,Within 24-48 hours,Phone + Email,Immediate Retention Call,Exclusive Discount Offer,Address payment issues - offer alternative payment methods,21,Send win-back email with special offer,Offer 21% discount + free tier upgrade trial,Provide onboarding assistance call,Share success stories from similar customers
CUST_001252,France,Consulting,Premium,2830.82,13799.22,0.9999884882425464,High,10.14,172,Critical,Within 24-48 hours,Phone + Email,Immediate Retention Call,Exclusive Discount Offer,Address payment issues - offer alternative payment methods,21,Schedule VIP retention call with account manager,Offer 21% discount on annual renewal,Provide complimentary premium support for 3 months,Invite to exclusive executive roundtable event
CUST_000642,Germany,Education,Basic,89.35,718.01,0.9999999999999964,High,10.07,173,Critical,Within 24-48 hours,Phone + Email,Immediate Retention Call,Exclusive Discount Offer,Address payment issues - offer alternative payment methods,21,Send win-back email with special offer,Offer 21% discount + free tier upgrade trial,Provide onboarding assistance call,Share success stories from similar customers
CUST_000805,USA,Finance,Professional,241.33,2389.39,0.9998955953070664,High,9.93,174,Critical,Within 24-48 hours,Phone + Email,Immediate Retention Call,Exclusive Discount Offer,Re-engagement campaign - 183 days inactive,20,Initiate proactive outreach call,Offer 20% discount on next renewal,Provide free upgrade trial to Enterprise tier,Send personalized value demonstration
CUST_000865,Australia,Education,Professional,194.94,2605.06,0.8912244239978201,High,9.82,175,Critical,Within 24-48 hours,Phone + Email,Immediate Retention Call,Exclusive Discount Offer,Re-engagement campaign - 110 days inactive,20,Initiate proactive outreach call,Offer 20% discount on next renewal,Provide free upgrade trial to Enterprise tier,Send personalized value demonstration
CUST_000815,USA,Manufacturing,Professional,269.18,2464.4300000000003,0.9999867024540182,High,9.68,176,Critical,Within 24-48 hours,Phone + Email,Immediate Retention Call,Exclusive Discount Offer,Re-engagement campaign - 199 days inactive,20,Initiate proactive outreach call,Offer 20% discount on next renewal,Provide free upgrade trial to Enterprise tier,Send personalized value demonstration
CUST_000661,USA,Education,Basic,86.99,355.87,1.0,High,9.22,177,Critical,Within 24-48 hours,Phone + Email,Immediate Retention Call,Exclusive Discount Offer,Address payment issues - offer alternative payment methods,20,Send win-back email with special offer,Offer 20% discount + free tier upgrade trial,Provide onboarding assistance call,Share success stories from similar customers
CUST_000771,Canada,Healthcare,Basic,44.99,450.61,0.999999984481911,High,9.19,178,Critical,Within 24-48 hours,Phone + Email,Immediate Retention Call,Exclusive Discount Offer,Re-engagement campaign - 266 days inactive,20,Send win-back email with special offer,Offer 20% discount + free tier upgrade trial,Provide onboarding assistance call,Share success stories from similar customers
CUST_000763,Germany,Media,Basic,48.04,443.6,0.999999998890243,High,9.07,179,Critical,Within 24-48 hours,Phone + Email,Immediate Retention Call,Exclusive Discount Offer,Re-engagement campaign - 302 days inactive,20,Send win-back email with special offer,Offer 20% discount + free tier upgrade trial,Provide onboarding assistance call,Share success stories from similar customers
CUST_000743,UK,Manufacturing,Basic,34.85,279.41,0.99999999997917,High,8.98,180,Critical,Within 24-48 hours,Phone + Email,Immediate Retention Call,Exclusive Discount Offer,Re-engagement campaign - 343 days inactive,20,Send win-back email with special offer,Offer 20% discount + free tier upgrade trial,Provide onboarding assistance call,Share success stories from similar customers
CUST_000793,Singapore,Retail,Basic,80.27,727.43,0.9999999938255082,High,8.91,181,Critical,Within 24-48 hours,Phone + Email,Immediate Retention Call,Exclusive Discount Offer,Re-engagement campaign - 278 days inactive,20,Send win-back email with special offer,Offer 20% discount + free tier upgrade trial,Provide onboarding assistance call,Share success stories from similar customers
CUST_000715,France,Media,Enterprise,545.07,1553.87,1.0,High,8.88,182,Critical,Within 24-48 hours,Phone + Email,Immediate Retention Call,Exclusive Discount Offer,Re-engagement campaign - 514 days inactive,20,Escalate to enterprise success team immediately,Offer 20% discount + dedicated support,Schedule executive business review meeting,Provide custom integration support package
CUST_000695,India,Healthcare,Professional,125.54,483.97,1.0,High,8.87,183,Critical,Within 24-48 hours,Phone + Email,Immediate Retention Call,Exclusive Discount Offer,Address payment issues - offer alternative payment methods,20,Initiate proactive outreach call,Offer 20% discount on next renewal,Provide free upgrade trial to Enterprise tier,Send personalized value demonstration
CUST_001226,USA,Education,Premium,2658.77,10528.02,0.9999998372907712,High,8.79,184,Critical,Within 24-48 hours,Phone + Email,Immediate Retention Call,Exclusive Discount Offer,Re-engagement campaign - 196 days inactive,20,Schedule VIP retention call with account manager,Offer 20% discount on annual renewal,Provide complimentary premium support for 3 months,Invite to exclusive executive roundtable event
CUST_000896,USA,Finance,Professional,253.87,2405.7,0.9999924216146382,High,8.78,185,Critical,Within 24-48 hours,Phone + Email,Immediate Retention Call,Exclusive Discount Offer,Re-engagement campaign - 210 days inactive,20,Initiate proactive outreach call,Offer 20% discount on next renewal,Provide free upgrade trial to Enterprise tier,Send personalized value demonstration
CUST_000992,Germany,Technology,Professional,256.31,2295.65,0.6753402628270768,High,8.72,186,Critical,Within 24-48 hours,Phone + Email,Immediate Retention Call,Exclusive Discount Offer,Re-engagement campaign - 99 days inactive,20,Initiate proactive outreach call,Offer 20% discount on next renewal,Provide free upgrade trial to Enterprise tier,Send personalized value demonstration
CUST_000790,France,Consulting,Professional,147.52,1071.58,0.9999999999668114,High,8.7,187,Critical,Within 24-48 hours,Phone + Email,Immediate Retention Call,Exclusive Discount Offer,Re-engagement campaign - 339 days inactive,20,Initiate proactive outreach call,Offer 20% discount on next renewal,Provide free upgrade trial to Enterprise tier,Send personalized value demonstration
CUST_000978,Singapore,Technology,Premium,2003.2,6887.28,0.9999999999996012,High,8.57,188,Critical,Within 24-48 hours,Phone + Email,Immediate Retention Call,Exclusive Discount Offer,Re-engagement campaign - 344 days inactive,20,Schedule VIP retention call with account manager,Offer 20% discount on annual renewal,Provide complimentary premium support for 3 months,Invite to exclusive executive roundtable event
CUST_000836,UK,Retail,Enterprise,365.31,2367.45,0.9999999999758462,High,8.54,189,Critical,Within 24-48 hours,Phone + Email,Immediate Retention Call,Exclusive Discount Offer,Address payment issues - offer alternative payment methods,20,Escalate to enterprise success team immediately,Offer 20% discount + dedicated support,Schedule executive business review meeting,Provide custom integration support package
CUST_000866,UK,Real Estate,Professional,167.81,1359.64,0.9999998832703432,High,8.43,190,Critical,Within 24-48 hours,Phone + Email,Immediate Retention Call,Exclusive Discount Offer,Re-engagement campaign - 258 days inactive,20,Initiate proactive outreach call,Offer 20% discount on next renewal,Provide free upgrade trial to Enterprise tier,Send personalized value demonstration
CUST_000848,UK,Education,Basic,37.58,341.29,0.9999998489941962,High,8.34,191,Critical,Within 24-48 hours,Phone + Email,Immediate Retention Call,Exclusive Discount Offer,Re-engagement campaign - 237 days inactive,20,Send win-back email with special offer,Offer 20% discount + free tier upgrade trial,Provide onboarding assistance call,Share success stories from similar customers
CUST_000839,USA,Technology,Professional,265.07,1614.83,0.9999999999467444,High,8.27,192,Critical,Within 24-48 hours,Phone + Email,Immediate Retention Call,Exclusive Discount Offer,Address payment issues - offer alternative payment methods,20,Initiate proactive outreach call,Offer 20% discount on next renewal,Provide free upgrade trial to Enterprise tier,Send personalized value demonstration
CUST_000766,UK,Real Estate,Professional,190.04,381.92,0.9999999999999996,High,8.18,193,Critical,Within 24-48 hours,Phone + Email,Immediate Retention Call,Exclusive Discount Offer,Address payment issues - offer alternative payment methods,20,Initiate proactive outreach call,Offer 20% discount on next renewal,Provide free upgrade trial to Enterprise tier,Send personalized value demonstration
CUST_000794,Canada,Energy,Professional,251.1,1027.54,0.9999999999999988,High,8.14,194,Critical,Within 24-48 hours,Phone + Email,Immediate Retention Call,Exclusive Discount Offer,Address payment issues - offer alternative payment methods,20,Initiate proactive outreach call,Offer 20% discount on next renewal,Provide free upgrade trial to Enterprise tier,Send personalized value demonstration
CUST_000801,USA,Manufacturing,Basic,36.28,206.25,0.9999999999999468,High,7.99,195,Critical,Within 24-48 hours,Phone + Email,Immediate Retention Call,Exclusive Discount Offer,Address payment issues - offer alternative payment methods,20,Send win-back email with special offer,Offer 20% discount + free tier upgrade trial,Provide onboarding assistance call,Share success stories from similar customers
CUST_001094,Japan,Finance,Enterprise,395.16,3431.85,0.990900040764844,High,7.93,196,Critical,Within 24-48 hours,Phone + Email,Immediate Retention Call,Exclusive Discount Offer,Re-engagement campaign - 128 days inactive,20,Escalate to enterprise success team immediately,Offer 20% discount + dedicated support,Schedule executive business review meeting,Provide custom integration support package
CUST_000891,USA,Education,Enterprise,941.53,3114.8900000000003,0.9999999999999956,High,7.87,197,Critical,Within 24-48 hours,Phone + Email,Immediate Retention Call,Exclusive Discount Offer,Address payment issues - offer alternative payment methods,20,Escalate to enterprise success team immediately,Offer 20% discount + dedicated support,Schedule executive business review meeting,Provide custom integration support package
CUST_000814,USA,Finance,Professional,146.35,599.64,0.999999999999984,High,7.79,198,Critical,Within 24-48 hours,Phone + Email,Immediate Retention Call,Exclusive Discount Offer,Address payment issues - offer alternative payment methods,20,Initiate proactive outreach call,Offer 20% discount on next renewal,Provide free upgrade trial to Enterprise tier,Send personalized value demonstration
CUST_001022,Germany,Technology,Basic,65.07,636.68,0.9564192125493064,High,7.77,199,Critical,Within 24-48 hours,Phone + Email,Immediate Retention Call,Exclusive Discount Offer,Re-engagement campaign - 110 days inactive,20,Send win-back email with special offer,Offer 20% discount + free tier upgrade trial,Provide onboarding assistance call,Share success stories from similar customers
CUST_000907,USA,Retail,Basic,75.59,534.78,0.9999999676386356,High,7.68,200,Critical,Within 24-48 hours,Phone + Email,Immediate Retention Call,Exclusive Discount Offer,Re-engagement campaign - 264 days inactive,20,Send win-back email with special offer,Offer 20% discount + free tier upgrade trial,Provide onboarding assistance call,Share success stories from similar customers
CUST_000900,USA,Education,Basic,50.12,360.57,0.9999999866246116,High,7.66,201,Critical,Within 24-48 hours,Phone + Email,Immediate Retention Call,Exclusive Discount Offer,Re-engagement campaign - 267 days inactive,20,Send win-back email with special offer,Offer 20% discount + free tier upgrade trial,Provide onboarding assistance call,Share success stories from similar customers
CUST_001010,USA,Technology,Professional,166.57,1306.57,0.9997886332109912,High,7.57,202,Critical,Within 24-48 hours,Phone + Email,Immediate Retention Call,Exclusive Discount Offer,Address payment issues - offer alternative payment methods,20,Initiate proactive outreach call,Offer 20% discount on next renewal,Provide free upgrade trial to Enterprise tier,Send personalized value demonstration
CUST_000987,USA,Manufacturing,Professional,162.95,1162.57,0.9999994061951192,High,7.46,203,Critical,Within 24-48 hours,Phone + Email,Immediate Retention Call,Exclusive Discount Offer,Address payment issues - offer alternative payment methods,20,Initiate proactive outreach call,Offer 20% discount on next renewal,Provide free upgrade trial to Enterprise tier,Send personalized value demonstration
CUST_001009,UK,Manufacturing,Enterprise,926.92,3675.18,0.9999999998032244,High,7.46,204,Critical,Within 24-48 hours,Phone + Email,Immediate Retention Call,Exclusive Discount Offer,Re-engagement campaign - 296 days inactive,20,Escalate to enterprise success team immediately,Offer 20% discount + dedicated support,Schedule executive business review meeting,Provide custom integration support package
CUST_000934,USA,Education,Basic,47.28,335.32,0.9999998788528162,High,7.41,205,Critical,Within 24-48 hours,Phone + Email,Immediate Retention Call,Exclusive Discount Offer,Re-engagement campaign - 243 days inactive,20,Send win-back email with special offer,Offer 20% discount + free tier upgrade trial,Provide onboarding assistance call,Share success stories from similar customers
CUST_001007,Brazil,Education,Basic,77.34,608.9,0.999970229378652,High,7.37,206,Critical,Within 24-48 hours,Phone + Email,Immediate Retention Call,Exclusive Discount Offer,Address payment issues - offer alternative payment methods,20,Send win-back email with special offer,Offer 20% discount + free tier upgrade trial,Provide onboarding assistance call,Share success stories from similar customers
CUST_001000,USA,Education,Basic,90.45,623.96,0.9999990421233356,High,7.2,207,Critical,Within 24-48 hours,Phone + Email,Immediate Retention Call,Exclusive Discount Offer,Address payment issues - offer alternative payment methods,20,Send win-back email with special offer,Offer 20% discount + free tier upgrade trial,Provide onboarding assistance call,Share success stories from similar customers
CUST_000995,UK,Finance,Professional,128.64,853.61,0.999999829146236,High,7.08,208,Critical,Within 24-48 hours,Phone + Email,Immediate Retention Call,Exclusive Discount Offer,Re-engagement campaign - 248 days inactive,20,Initiate proactive outreach call,Offer 20% discount on next renewal,Provide free upgrade trial to Enterprise tier,Send personalized value demonstration
CUST_000982,Japan,Finance,Basic,97.05,593.62,0.999999954438018,High,7.05,209,Critical,Within 24-48 hours,Phone + Email,Immediate Retention Call,Exclusive Discount Offer,Re-engagement campaign - 254 days inactive,20,Send win-back email with special offer,Offer 20% discount + free tier upgrade trial,Provide onboarding assistance call,Share success stories from similar customers
CUST_000899,Canada,Media,Basic,70.02,296.35,0.9999999999960798,High,7.03,210,Critical,Within 24-48 hours,Phone + Email,Immediate Retention Call,Exclusive Discount Offer,Re-engagement campaign - 356 days inactive,20,Send win-back email with special offer,Offer 20% discount + free tier upgrade trial,Provide onboarding assistance call,Share success stories from similar customers
CUST_000989,USA,Energy,Professional,178.47,978.99,0.999999993706558,High,6.92,211,Critical,Within 24-48 hours,Phone + Email,Immediate Retention Call,Exclusive Discount Offer,Re-engagement campaign - 280 days inactive,20,Initiate proactive outreach call,Offer 20% discount on next renewal,Provide free upgrade trial to Enterprise tier,Send personalized value demonstration
CUST_001032,Australia,Healthcare,Professional,235.23,1224.39,0.9999999028629764,High,6.71,212,Critical,Within 24-48 hours,Phone + Email,Immediate Retention Call,Exclusive Discount Offer,Re-engagement campaign - 252 days inactive,20,Initiate proactive outreach call,Offer 20% discount on next renewal,Provide free upgrade trial to Enterprise tier,Send personalized value demonstration
CUST_001209,UK,Consulting,Basic,60.37,497.07,0.6240869057694562,High,6.62,213,Critical,Within 24-48 hours,Phone + Email,Immediate Retention Call,Exclusive Discount Offer,Send win-back email with special offer,20,Send win-back email with special offer,Offer 20% discount + free tier upgrade trial,Provide onboarding assistance call,Share success stories from similar customers
CUST_001162,France,Manufacturing,Basic,47.49,338.02,0.9904685731586216,High,6.38,214,Critical,Within 24-48 hours,Phone + Email,Immediate Retention Call,Exclusive Discount Offer,Re-engagement campaign - 127 days inactive,20,Send win-back email with special offer,Offer 20% discount + free tier upgrade trial,Provide onboarding assistance call,Share success stories from similar customers
CUST_000952,Australia,Education,Basic,29.27,92.93,0.9999999999991254,High,6.36,215,Critical,Within 24-48 hours,Phone + Email,Immediate Retention Call,Exclusive Discount Offer,Address payment issues - offer alternative payment methods,20,Send win-back email with special offer,Offer 20% discount + free tier upgrade trial,Provide onboarding assistance call,Share success stories from similar customers
CUST_001124,USA,Real Estate,Enterprise,550.48,2150.62,0.999999978311758,High,6.3,216,Critical,Within 24-48 hours,Phone + Email,Immediate Retention Call,Exclusive Discount Offer,Address payment issues - offer alternative payment methods,20,Escalate to enterprise success team immediately,Offer 20% discount + dedicated support,Schedule executive business review meeting,Provide custom integration support package
CUST_001217,Singapore,Energy,Basic,68.36,496.86,0.9816481431322296,High,6.3,217,Critical,Within 24-48 hours,Phone + Email,Immediate Retention Call,Exclusive Discount Offer,Address payment issues - offer alternative payment methods,20,Send win-back email with special offer,Offer 20% discount + free tier upgrade trial,Provide onboarding assistance call,Share success stories from similar customers
CUST_001066,USA,Consulting,Basic,57.29,281.2,0.9999998914488004,High,6.17,218,Critical,Within 24-48 hours,Phone + Email,Immediate Retention Call,Exclusive Discount Offer,Address payment issues - offer alternative payment methods,20,Send win-back email with special offer,Offer 20% discount + free tier upgrade trial,Provide onboarding assistance call,Share success stories from similar customers
CUST_001295,USA,Finance,Professional,246.02,1440.56,0.9455212508458284,High,6.09,219,Critical,Within 24-48 hours,Phone + Email,Immediate Retention Call,Exclusive Discount Offer,Address payment issues - offer alternative payment methods,20,Initiate proactive outreach call,Offer 20% discount on next renewal,Provide free upgrade trial to Enterprise tier,Send personalized value demonstration
CUST_001062,India,Manufacturing,Professional,151.23,572.71,0.9999999562664824,High,6.03,220,Critical,Within 24-48 hours,Phone + Email,Immediate Retention Call,Exclusive Discount Offer,Re-engagement campaign - 260 days inactive,20,Initiate proactive outreach call,Offer 20% discount on next renewal,Provide free upgrade trial to Enterprise tier,Send personalized value demonstration
CUST_001307,USA,Education,Professional,204.08,1073.4,0.9957036163908196,High,5.58,221,Critical,Within 24-48 hours,Phone + Email,Immediate Retention Call,Exclusive Discount Offer,Address payment issues - offer alternative payment methods,20,Initiate proactive outreach call,Offer 20% discount on next renewal,Provide free upgrade trial to Enterprise tier,Send personalized value demonstration
CUST_001366,Canada,Manufacturing,Professional,141.01,679.05,0.968543750894661,High,5.3,222,Critical,Within 24-48 hours,Phone + Email,Immediate Retention Call,Exclusive Discount Offer,Address payment issues - offer alternative payment methods,20,Initiate proactive outreach call,Offer 20% discount on next renewal,Provide free upgrade trial to Enterprise tier,Send personalized value demonstration
CUST_001414,Canada,Consulting,Basic,76.89,374.8,0.8702457549097112,High,5.13,223,Critical,Within 24-48 hours,Phone + Email,Immediate Retention Call,Exclusive Discount Offer,Send win-back email with special offer,20,Send win-back email with special offer,Offer 20% discount + free tier upgrade trial,Provide onboarding assistance call,Share success stories from similar customers
CUST_001225,USA,Retail,Basic,29.15,86.94,0.999999346608296,High,4.86,224,Critical,Within 24-48 hours,Phone + Email,Immediate Retention Call,Exclusive Discount Offer,Re-engagement campaign - 225 days inactive,20,Send win-back email with special offer,Offer 20% discount + free tier upgrade trial,Provide onboarding assistance call,Share success stories from similar customers
CUST_001669,Brazil,Energy,Enterprise,869.77,2953.53,0.8174182881488486,High,4.86,225,Critical,Within 24-48 hours,Phone + Email,Immediate Retention Call,Exclusive Discount Offer,Address payment issues - offer alternative payment methods,20,Escalate to enterprise success team immediately,Offer 20% discount + dedicated support,Schedule executive business review meeting,Provide custom integration support package
CUST_001281,Australia,Energy,Professional,255.86,755.23,0.9999970883798408,High,4.83,226,Critical,Within 24-48 hours,Phone + Email,Immediate Retention Call,Exclusive Discount Offer,Address payment issues - offer alternative payment methods,20,Initiate proactive outreach call,Offer 20% discount on next renewal,Provide free upgrade trial to Enterprise tier,Send personalized value demonstration
CUST_001267,USA,Media,Basic,76.2,223.99,0.9999971450827494,High,4.73,227,Critical,Within 24-48 hours,Phone + Email,Immediate Retention Call,Exclusive Discount Offer,Re-engagement campaign - 206 days inactive,20,Send win-back email with special offer,Offer 20% discount + free tier upgrade trial,Provide onboarding assistance call,Share success stories from similar customers
CUST_001539,India,Manufacturing,Basic,44.84,174.93,0.7628942141211386,High,4.49,228,Critical,Within 24-48 hours,Phone + Email,Immediate Retention Call,Exclusive Discount Offer,Address payment issues - offer alternative payment methods,20,Send win-back email with special offer,Offer 20% discount + free tier upgrade trial,Provide onboarding assistance call,Share success stories from similar customers
CUST_001340,USA,Healthcare,Professional,109.85,322.49,0.9998928831792268,High,4.47,229,Critical,Within 24-48 hours,Phone + Email,Immediate Retention Call,Exclusive Discount Offer,Re-engagement campaign - 173 days inactive,20,Initiate proactive outreach call,Offer 20% discount on next renewal,Provide free upgrade trial to Enterprise tier,Send personalized value demonstration
CUST_001587,USA,Healthcare,Basic,77.88,226.81,0.9876737550231902,High,3.93,230,Critical,Within 24-48 hours,Phone + Email,Immediate Retention Call,Exclusive Discount Offer,Address payment issues - offer alternative payment methods,20,Send win-back email with special offer,Offer 20% discount + free tier upgrade trial,Provide onboarding assistance call,Share success stories from similar customers
